start_time_event,start_time_censor,end_time_event,end_time_censor,n_events,n_censors,,,
0.0001,0.375,0.7499,10000,2,2,,,
0.75,1.125,1.5,10000,16,2,,,
1.5,1.875,2.25,10000,4,2,,,
2.25,2.625,3,10000,11,2,,,
3,3.375,3.75,10000,5,0,,,
3.75,4.125,4.5,10000,7,0,,,
4.5,4.875,5.25,10000,24,0,,,
5.25,5.625,6,10000,2,0,,,
6,6.375,6.75,10000,4,0,,,
6.75,7.125,7.5,10000,11,0,,,
7.5,7.875,8.25,10000,3,0,,,
8.25,8.625,9,10000,2,0,,,
9,9.375,9.75,10000,1,2,,,
9.75,10.125,10.5,10000,0,2,,,
10.5,10.875,11.25,10000,6,2,,,
11.25,11.625,12,10000,1,2,,,
12,12.375,12.75,10000,2,1,,,
12.75,13.125,13.5,10000,1,1,,,
13.5,13.875,14.25,10000,3,1,,,
14.25,14.625,15,10000,0,1,,,
15,15.375,15.75,10000,0,1,,,
15.75,16.125,16.5,10000,0,1,,,
16.5,16.875,17.25,10000,2,1,,,
17.25,17.625,18,10000,0,1,,,
,,,,,,,,
,,,,,,,,
,,,,,,,,
,,,,,,,,
,,,,,,,,
,,,,,,,,
,,,,,,,,
,,,,,,,,
,,,,,,,,
,,,,,,,,
,,,,,,,,
,,,,,,,,
,,,,,,,,
,,,,,,,,
,,,,,,,,
,,,,,,,,
,,,,,,,,
,,,,,,,,
,,,,,,,,
,,,,,,,,
,,,,,,,,
,,,,,,,,
,,,,,,,,
,,,,,,,,
,,,,,,,,
,,,,,,,,
,,,,,,,,
,,,,,,,,
,,,,,,,,
,,,,,,,,
,,,,,,,,
,,,,,,,,
,,,,,,,,
,,,,,,,,
,,,,,,,,
,,,,,,,,
,,,,,,,,
,,,,,,,,
,,,,,,,,
,,,,,,,,
,,,,,,,,
,,,,,,,,
,,,,,,,,
,,,,,,,,
,,,,,,,,
,,,,,,,,
,,,,,,,,
,,,,,,,,
,,,,,,,,
,,,,,,,,
,,,,,,,,
,,,,,,,,
,,,,,,,,
,,,,,,,,
,,,,,,,,
,,,,,,,,
,,,,,,,,
,,,,,,,,
,,,,,,,,
,,,,,,,,
,,,,,,,,
,,,,,,,,
,,,,,,,,
,,,,,,,,
,,,,,,,,
,,,,,,,,
,,,,,,,,
,,,,,,,,
,,,,,,,,
,,,,,,,,
,,,,,,,,
,,,,,,,,
,,,,,,,,
,,,,,,,,
,,,,,,,,
,,,,,,,,
,,,,,,,,
,,,,,,,,
,,,,,,,,
,,,,,,,,
,,,,,,,,
,,,,,,,,
,,,,,,,,
