a_value,price_drug,EV_ct_pp,EV_nt_pp,EV_update_pp
0.1,10.393419127633651,25214.604218112276,42665.211993215475,54746.23401432753
0.1,11.135806208178911,25214.604218112276,40055.308154141756,53075.51627439795
0.1,11.878193288724173,25214.604218112276,37445.41333947323,51458.761394265995
0.1,12.620580369269435,25214.604218112276,34835.52758116089,49901.11941114518
0.1,13.362967449814695,25214.604218112276,32225.650907547148,48402.312407588906
0.1,14.105354530359957,25214.604218112276,29615.78334330768,46959.16600238735
0.1,14.847741610905219,25214.604218112276,27005.924909400546,45576.06428326856
0.1,15.59012869145048,25214.604218112276,24396.07562302275,44249.09160776918
0.1,16.33251577199574,25214.604218112276,21786.235497574562,42980.25622968577
0.1,17.074902852541005,25214.604218112276,19176.404542631186,41770.39865372428
0.1,17.817289933086265,25214.604218112276,16566.582763923092,40618.196871295324
0.1,18.559677013631525,25214.604218112276,13956.770163323647,39525.1720256939
0.1,19.30206409417679,25214.604218112276,11346.966738845322,38488.57438652636
0.2,10.393419127633651,25214.604218112276,42645.91272055386,48805.79035062305
0.2,11.135806208178911,25214.604218112276,40036.03422077905,46988.70923645359
0.2,11.878193288724173,25214.604218112276,37426.162102222355,45245.10831008772
0.2,12.620580369269435,25214.604218112276,34816.29638747653,43580.663487079284
0.2,13.362967449814695,25214.604218112276,32206.437096582682,41998.149517598176
0.2,14.105354530359957,25214.604218112276,29596.58424698916,40501.9367807162
0.2,14.847741610905219,25214.604218112276,26986.73785351554,39089.58599752126
0.2,15.59012869145048,25214.604218112276,24376.897928321956,37761.50957300629
0.2,16.33251577199574,25214.604218112276,21767.064480883822,36518.595246589
0.2,17.074902852541005,25214.604218112276,19157.23751797182,35360.6495062594
0.2,17.817289933086265,25214.604218112276,16547.417043638008,34288.049420027375
0.2,18.559677013631525,25214.604218112276,13937.60305920707,33297.069422882734
0.2,19.30206409417679,25214.604218112276,11327.795563273587,32386.7995681287
0.30000000000000004,10.393419127633651,25214.604218112276,42637.36282542555,46328.89167227654
0.30000000000000004,11.135806208178911,25214.604218112276,40027.495551376815,44386.4522976254
0.30000000000000004,11.878193288724173,25214.604218112276,37417.63348757085,42536.34666447224
0.30000000000000004,12.620580369269435,25214.604218112276,34807.77665245458,40780.450304598824
0.30000000000000004,13.362967449814695,25214.604218112276,32197.925062391452,39125.1165665563
0.30000000000000004,14.105354530359957,25214.604218112276,29588.078731628048,37577.46622791185
0.30000000000000004,14.847741610905219,25214.604218112276,26978.23767226447,36138.61396823343
0.30000000000000004,15.59012869145048,25214.604218112276,24368.4018942294,34808.15008752856
0.30000000000000004,16.33251577199574,25214.604218112276,21758.571405259532,33586.93561651658
0.30000000000000004,17.074902852541005,25214.604218112276,19148.74621088306,32474.917794755285
0.30000000000000004,17.817289933086265,25214.604218112276,16538.926314408513,31469.41062525246
0.30000000000000004,18.559677013631525,25214.604218112276,13929.111716917465,30567.477128489165
0.30000000000000004,19.30206409417679,25214.604218112276,11319.3024172624,29765.13731970835
0.4,10.393419127633651,25214.604218112276,42632.26607398288,44979.90036130929
0.4,11.135806208178911,25214.604218112276,40022.40549179815,42928.78219740849
0.4,11.878193288724173,25214.604218112276,37412.549421816024,40977.75488036633
0.4,12.620580369269435,25214.604218112276,34802.69788001201,39139.06769756183
0.4,13.362967449814695,25214.604218112276,32192.850880557267,37415.95928774944
0.4,14.105354530359957,25214.604218112276,29583.008435789685,35819.04832817235
0.4,14.847741610905219,25214.604218112276,26973.170556188255,34354.418936108625
0.4,15.59012869145048,25214.604218112276,24363.337250351495,33021.01912458777
0.4,16.33251577199574,25214.604218112276,21753.508524979563,31820.06862966764
0.4,17.074902852541005,25214.604218112276,19143.684384860007,30750.754220249837
0.4,17.817289933086265,25214.604218112276,16533.864832858104,29808.758183209407
0.4,18.559677013631525,25214.604218112276,13924.049869910526,28988.931946788216
0.4,19.30206409417679,25214.604218112276,11314.239495023496,28280.891309141047
0.5,10.393419127633651,25214.604218112276,42628.7878807444,44157.14183852304
0.5,11.135806208178911,25214.604218112276,40018.93186531096,42012.00765642462
0.5,11.878193288724173,25214.604218112276,37409.07988571421,39970.98479383805
0.5,12.620580369269435,25214.604218112276,34799.23195624309,38051.616327526805
0.5,13.362967449814695,25214.604218112276,32189.38808957267,36265.16477978793
0.5,14.105354530359957,25214.604218112276,29579.548296738292,34620.39846191492
0.5,14.847741610905219,25214.604218112276,26969.71258711265,33129.765939034114
0.5,15.59012869145048,25214.604218112276,24359.880968386504,31793.304371703594
0.5,16.33251577199574,25214.604218112276,21750.053446552636,30612.09038513531
0.5,17.074902852541005,25214.604218112276,19140.230025893175,29584.15652877177
0.5,17.817289933086265,25214.604218112276,16530.4107089709,28703.14848956908
0.5,18.559677013631525,25214.604218112276,13920.5954966236,27959.18459828567
0.5,19.30206409417679,25214.604218112276,11310.784387962394,27339.289550131005
0.6,10.393419127633651,25214.604218112276,42626.22038515922,43629.186356200444
0.6,11.135806208178911,25214.604218112276,40016.36774076152,41399.267745105644
0.6,11.878193288724173,25214.604218112276,37406.51878056182,39278.39038764434
0.6,12.620580369269435,25214.604218112276,34796.67351760407,37282.31972290316
0.6,13.362967449814695,25214.604218112276,32186.831963458968,35433.90989005752
0.6,14.105354530359957,25214.604218112276,29576.994128200353,33742.95776730679
0.6,14.847741610905219,25214.604218112276,26967.1600203843,32226.20948141209
0.6,15.59012869145048,25214.604218112276,24357.32964703146,30886.43874808119
0.6,16.33251577199574,25214.604218112276,21747.50301361249,29724.787175566493
0.6,17.074902852541005,25214.604218112276,19137.680124036408,28737.54422548837
0.6,17.817289933086265,25214.604218112276,16527.860980642705,27915.880652899712
0.6,18.559677013631525,25214.604218112276,13918.045584196172,27242.536364131654
0.6,19.30206409417679,25214.604218112276,11308.23393388538,26707.173910841437
0.7000000000000001,10.393419127633651,25214.604218112276,42624.224928751384,43278.873372210925
0.7000000000000001,11.135806208178911,25214.604218112276,40014.37490432114,40977.69738303249
0.7000000000000001,11.878193288724173,25214.604218112276,37404.528290795475,38781.96206632342
0.7000000000000001,12.620580369269435,25214.604218112276,34794.6851002507,36716.63871395717
0.7000000000000001,13.362967449814695,25214.604218112276,32184.845343399225,34806.42631916146
0.7000000000000001,14.105354530359957,25214.604218112276,29575.009029567616,33070.465226061795
0.7000000000000001,14.847741610905219,25214.604218112276,26965.176166677247,31527.375934491534
0.7000000000000001,15.59012869145048,25214.604218112276,24355.346761227982,30184.278194342136
0.7000000000000001,16.33251577199574,25214.604218112276,21745.520818284673,29042.13576402391
0.7000000000000001,17.074902852541005,25214.604218112276,19135.69834146635,28095.15702297108
0.7000000000000001,17.817289933086265,25214.604218112276,16525.879332938974,27330.163891935248
0.7000000000000001,18.559677013631525,25214.604218112276,13916.0637934106,26726.98942479323
0.7000000000000001,19.30206409417679,25214.604218112276,11306.251722129991,26269.03524244856
0.8,10.393419127633651,25214.604218112276,42622.61643765207,43043.04909456662
0.8,11.135806208178911,25214.604218112276,40012.76852511679,40681.36123566826
0.8,11.878193288724173,25214.604218112276,37402.9238031906,38419.3259179208
0.8,12.620580369269435,25214.604218112276,34793.08228316983,36288.91481589547
0.8,13.362967449814695,25214.604218112276,32183.243975075035,34318.68484889847
0.8,14.105354530359957,25214.604218112276,29573.408887630427,32538.321306441903
0.8,14.847741610905219,25214.604218112276,26963.57702824576,30968.7816756962
0.8,15.59012869145048,25214.604218112276,24353.7484030011,29622.251031597985
0.8,16.33251577199574,25214.604218112276,21743.92301663419,28499.47871727351
0.8,17.074902852541005,25214.604218112276,19134.100872530318,27592.907482264418
0.8,17.817289933086265,25214.604218112276,16524.28197271556,26882.425186028784
0.8,18.559677013631525,25214.604218112276,13914.466317852239,26346.62650482466
0.8,19.30206409417679,25214.604218112276,11304.653907237627,25959.41144489669
0.9,10.393419127633651,25214.604218112276,42621.284100905345,42885.30751574089
0.9,11.135806208178911,25214.604218112276,40011.437937683615,40469.87376909223
0.9,11.878193288724173,25214.604218112276,37401.59478259697,38150.567333956686
0.9,12.620580369269435,25214.604218112276,34791.75464629572,35958.88897735226
0.9,13.362967449814695,25214.604218112276,32181.917538227306,33931.998095704046
0.9,14.105354530359957,25214.604218112276,29572.08346661702,32107.627097791683
0.9,14.847741610905219,25214.604218112276,26962.252438450832,30511.267901513893
0.9,15.59012869145048,25214.604218112276,24352.42445946108,29161.177187180096
0.9,16.33251577199574,25214.604218112276,21742.599534114564,28057.99089419614
0.9,17.074902852541005,25214.604218112276,19132.777665602942,27191.573674404146
0.9,17.817289933086265,25214.604218112276,16522.958855836438,26534.997080322093
0.9,18.559677013631525,25214.604218112276,13913.143105439483,26062.819796389784
0.9,19.30206409417679,25214.604218112276,11303.330413749552,25739.143489773374
1.0,10.393419127633651,25214.604218112276,42620.156983626875,42781.7401809292
1.0,11.135806208178911,25214.604218112276,40010.312300272395,40319.51214333802
1.0,11.878193288724173,25214.604218112276,37400.47047068543,37949.46564337048
1.0,12.620580369269435,25214.604218112276,34790.63150496975,35701.53117541692
1.0,13.362967449814695,25214.604218112276,32180.795412087995,33621.09861701076
1.0,14.105354530359957,25214.604218112276,29570.962199843336,31752.443654745508
1.0,14.847741610905219,25214.604218112276,26961.131874863266,30129.330283968007
1.0,15.59012869145048,25214.604218112276,24351.30444258595,28775.594803692216
1.0,16.33251577199574,25214.604218112276,21741.479907248984,27692.222708142443
1.0,17.074902852541005,25214.604218112276,19131.65827188022,26865.321982743026
1.0,17.817289933086265,25214.604218112276,16521.839538291864,26261.814050218378
1.0,18.559677013631525,25214.604218112276,13912.0237070763,25848.86317232669
1.0,19.30206409417679,25214.604218112276,11302.210777605,25580.901874739735
